{
  "schema_version": "panopticon-evaluation-comparison-v1",
  "created_at": "2026-06-14",
  "benchmark": {
    "levels": [
      "easy",
      "medium",
      "hard",
      "level_4",
      "level_5"
    ],
    "episodes_per_agent_level": 5,
    "completed_episode_checkpoints_per_run": 75,
    "seed": 42,
    "reward_schema_version": "legacy-dual-objective-v1",
    "grader_schema_version": "legacy-composite-v1",
    "base_model": "Qwen/Qwen2.5-1.5B-Instruct",
    "fixed_model": "/content/drive/MyDrive/panopticon-fixed-v3-ep20/merged_model",
    "note": "The base and fixed LLM are stored under the trained agent key in their respective evaluation payloads. Values below are transcribed from the completed runs' generated benchmark summary tables; overall values are level-macro averages."
  },
  "agents": {
    "base_untrained": {
      "label": "Base untrained",
      "grade": [0.731, 0.731, 0.671, 0.628, 0.618],
      "reward": [2.68, 5.47, 8.89, 13.32, 16.95],
      "revenue": [229.2, 342.4, 476.4, 647.3, 778.5],
      "security": [100.0, 100.0, 100.0, 96.5, 92.6],
      "sleepers_caught": [1.0, 2.0, 3.0, 4.0, 5.0]
    },
    "fixed_trained": {
      "label": "Fixed trained",
      "grade": [0.731, 0.731, 0.671, 0.699, 0.669],
      "reward": [4.46, 7.02, 10.04, 13.31, 16.47],
      "revenue": [288.6, 393.8, 514.8, 663.8, 781.9],
      "security": [100.0, 100.0, 100.0, 78.2, 71.4],
      "sleepers_caught": [1.0, 2.0, 3.0, 3.2, 4.2]
    },
    "heuristic": {
      "label": "Heuristic",
      "grade": [0.728, 0.731, 0.691, 0.698, 0.605],
      "reward": [5.53, 8.71, 13.03, 16.61, 18.82],
      "revenue": [324.4, 450.5, 614.5, 774.4, 809.4],
      "security": [100.0, 100.0, 100.0, 77.6, 29.7],
      "sleepers_caught": [1.0, 2.0, 3.0, 3.2, 3.0]
    },
    "random": {
      "label": "Random",
      "grade": [0.630, 0.654, 0.604, 0.647, 0.669],
      "reward": [-0.64, 2.44, -0.90, -0.78, 36.25],
      "revenue": [135.1, 260.4, 174.5, 230.9, 327.4],
      "security": [81.9, 79.3, 73.4, 37.8, 31.4],
      "sleepers_caught": [0.8, 1.6, 2.8, 3.6, 4.4]
    },
    "previous_pre_fix_trained": {
      "label": "Previous pre-fix trained",
      "grade": [0.5021666667, 0.4404666667, 0.3698333333, 0.4108, 0.4334],
      "reward": [2.9781666667, -14.97925, -6.2160833333, 2.48225, -35.3841666667],
      "revenue": [260.9666666667, 300.4833333333, 451.4833333333, 570.1333333333, 532.7166666667],
      "security": [76.3333333333, 43.5, 5.4333333333, 0.3, 13.7333333333],
      "sleepers_caught": [0.0, 0.0, 0.0, 0.0, 0.0]
    }
  },
  "level_macro_averages": {
    "base_untrained": {
      "grade": 0.6758,
      "reward": 9.462,
      "revenue": 494.76,
      "security": 97.82,
      "sleepers_caught": 3.0
    },
    "fixed_trained": {
      "grade": 0.7002,
      "reward": 10.26,
      "revenue": 528.58,
      "security": 89.92,
      "sleepers_caught": 2.68
    },
    "heuristic": {
      "grade": 0.6906,
      "reward": 12.54,
      "revenue": 594.64,
      "security": 81.46,
      "sleepers_caught": 2.44
    },
    "random": {
      "grade": 0.6408,
      "reward": 7.274,
      "revenue": 225.66,
      "security": 60.76,
      "sleepers_caught": 2.64
    },
    "previous_pre_fix_trained": {
      "grade": 0.4313333333,
      "reward": -10.2238166667,
      "revenue": 423.1566666667,
      "security": 27.86,
      "sleepers_caught": 0.0
    }
  },
  "fixed_minus_base": {
    "grade": 0.0244,
    "reward": 0.798,
    "revenue": 33.82,
    "security": -7.9,
    "sleepers_caught": -0.32
  },
  "fixed_minus_heuristic": {
    "grade": 0.0096,
    "reward": -2.28,
    "revenue": -66.06,
    "security": 8.46,
    "sleepers_caught": 0.24
  },
  "fixed_minus_previous_pre_fix_trained": {
    "grade": 0.2688666667,
    "reward": 20.4838166667,
    "revenue": 105.4233333333,
    "security": 62.06,
    "sleepers_caught": 2.68
  }
}
