{
  "easy": {
    "skill": [
      0.1,
      0.2,
      0.3,
      0.4,
      0.5,
      0.6,
      0.7,
      0.8,
      0.8999999999999999,
      1.0
    ],
    "reward_mean": [
      3.2959374999999818,
      3.753718749999979,
      4.27415624999998,
      4.115062499999982,
      4.451624999999981,
      4.493437499999981,
      4.70859374999998,
      4.715343749999982,
      4.936593749999982,
      5.111812499999982
    ],
    "reward_std": [
      0.22584417159570555,
      0.44027644791191983,
      0.2383936128515988,
      0.19697274359349878,
      0.2323847496609879,
      0.20504091626733853,
      0.2387623667445041,
      0.21106885493468142,
      0.231674574346081,
      0.20852891548595923
    ],
    "security_mean": [
      76.5,
      91.875,
      99.0625,
      100.0,
      100.0,
      100.0,
      100.0,
      100.0,
      100.0,
      100.0
    ],
    "revenue_mean": [
      271.40624999999943,
      272.5718749999993,
      283.3312499999994,
      277.16874999999936,
      288.38749999999936,
      289.7812499999994,
      296.9531249999993,
      297.1781249999994,
      304.55312499999945,
      310.3937499999994
    ],
    "caught_mean": [
      0.0,
      0.75,
      1.0,
      1.0,
      1.0,
      1.0,
      1.0,
      1.0,
      1.0,
      1.0
    ]
  },
  "medium": {
    "skill": [
      0.1,
      0.2,
      0.3,
      0.4,
      0.5,
      0.6,
      0.7,
      0.8,
      0.8999999999999999,
      1.0
    ],
    "reward_mean": [
      5.359249999999977,
      7.115687499999986,
      7.533468749999985,
      7.562156249999982,
      7.985749999999985,
      8.079093749999979,
      8.21418749999998,
      8.336531249999975,
      8.562281249999977,
      8.746687499999975
    ],
    "reward_std": [
      0.8540516487602049,
      0.8446063501529859,
      0.41431352178746594,
      0.537136533177025,
      0.25408939740768804,
      0.11000574825179774,
      0.23686875816314207,
      0.3047711856228176,
      0.38373109557467033,
      0.31498766716928933
    ],
    "security_mean": [
      36.12499999999998,
      80.10000000000001,
      95.125,
      96.0625,
      99.125,
      100.0,
      100.0,
      100.0,
      100.0,
      100.0
    ],
    "revenue_mean": [
      397.1937499999992,
      415.4312499999995,
      415.58437499999945,
      415.6812499999994,
      426.9937499999995,
      429.30312499999934,
      433.80624999999935,
      437.8843749999992,
      445.4093749999993,
      451.55624999999924
    ],
    "caught_mean": [
      0.75,
      1.625,
      1.875,
      1.875,
      2.0,
      2.0,
      2.0,
      2.0,
      2.0,
      2.0
    ]
  },
  "hard": {
    "skill": [
      0.1,
      0.2,
      0.3,
      0.4,
      0.5,
      0.6,
      0.7,
      0.8,
      0.8999999999999999,
      1.0
    ],
    "reward_mean": [
      8.500656249999988,
      8.962375000000016,
      10.718281250000018,
      11.548687500000014,
      12.412531250000018,
      12.483437500000015,
      12.489656250000015,
      12.526687500000012,
      12.621562500000012,
      12.850406250000013
    ],
    "reward_std": [
      0.6479402573914327,
      0.5965236924255529,
      1.2692187584636268,
      0.9891499329443184,
      0.562793262962466,
      0.196220648680889,
      0.2797068760746503,
      0.40076356320623235,
      0.25724883837201756,
      0.5319880158644926
    ],
    "security_mean": [
      0.3,
      4.199999999999992,
      55.21249999999997,
      82.86249999999998,
      97.3625,
      99.75,
      100.0,
      100.0,
      100.0,
      100.0
    ],
    "revenue_mean": [
      554.7468749999996,
      566.5625000000006,
      578.3312500000006,
      580.6656250000005,
      596.1687500000006,
      596.3437500000005,
      596.3218750000004,
      597.5562500000005,
      600.7187500000005,
      608.3468750000004
    ],
    "caught_mean": [
      0.75,
      1.25,
      2.875,
      2.875,
      3.0,
      3.0,
      3.0,
      3.0,
      3.0,
      3.0
    ]
  },
  "level_4": {
    "skill": [
      0.1,
      0.2,
      0.3,
      0.4,
      0.5,
      0.6,
      0.7,
      0.8,
      0.8999999999999999,
      1.0
    ],
    "reward_mean": [
      13.173343749999994,
      14.01971875000009,
      14.97459375000011,
      15.28137500000012,
      16.26240625000011,
      16.59696875000011,
      16.49171875000011,
      16.514156250000113,
      16.613375000000104,
      17.048625000000097
    ],
    "reward_std": [
      0.6197386916261319,
      0.5432649911286067,
      2.188590167413377,
      1.0913748783071695,
      0.7330921021764156,
      0.5783302667688558,
      0.5646518346166344,
      0.3428458549748535,
      0.39869915428177505,
      0.4108656448584993
    ],
    "security_mean": [
      0.3,
      0.3,
      31.67499999999999,
      35.07499999999999,
      49.72499999999999,
      65.5625,
      64.0125,
      69.25,
      71.1875,
      82.1875
    ],
    "revenue_mean": [
      730.5031249999997,
      758.715625000003,
      759.5343750000037,
      768.893750000004,
      788.1656250000037,
      784.8000000000036,
      782.7125000000038,
      778.6593750000037,
      780.1906250000035,
      784.6156250000033
    ],
    "caught_mean": [
      1.125,
      2.625,
      3.125,
      3.0,
      3.125,
      3.0,
      3.0,
      3.0,
      3.0,
      3.375
    ]
  },
  "level_5": {
    "skill": [
      0.1,
      0.2,
      0.3,
      0.4,
      0.5,
      0.6,
      0.7,
      0.8,
      0.8999999999999999,
      1.0
    ],
    "reward_mean": [
      16.705730027632065,
      17.756944123937753,
      17.91026316469825,
      18.13463897102188,
      18.883465285124196,
      18.87472590920362,
      18.743811314188584,
      18.751597654258603,
      19.06487500000016,
      19.030187500000167
    ],
    "reward_std": [
      0.8013314788684445,
      0.8037025832682781,
      0.800684970742823,
      0.9745355853512623,
      0.5271094191958936,
      0.6861381388071772,
      0.587015691975725,
      0.5540051927308417,
      0.6056212977182949,
      0.3777064367253352
    ],
    "security_mean": [
      0.3,
      0.3,
      1.9124999999999934,
      15.024999999999963,
      12.92499999999995,
      21.124999999999932,
      25.662499999999948,
      29.96249999999993,
      35.27499999999994,
      35.612499999999955
    ],
    "revenue_mean": [
      854.9160009210689,
      889.9564707979251,
      893.5889804899416,
      889.048382367396,
      915.93425950414,
      908.1262803067873,
      899.6030854729527,
      895.9209634752867,
      901.4937500000054,
      900.0281250000055
    ],
    "caught_mean": [
      1.25,
      2.75,
      3.0,
      3.25,
      3.0,
      3.0,
      3.5,
      3.125,
      3.25,
      3.375
    ]
  }
}