{
  "levels": {
    "easy": {
      "label": "Easy",
      "episodes": 50,
      "examples": 3000,
      "tokens": {
        "min": 523,
        "avg": 573,
        "max": 613
      },
      "expert": {
        "grade_mean": 0.72494,
        "grade_std": 0.002469487263975821,
        "grade_ci95_low": 0.7242554930533589,
        "grade_ci95_high": 0.7256245069466412,
        "grade_min": 0.718,
        "grade_max": 0.728,
        "reward_mean": 4.2582,
        "reward_std": 0.135506457410708,
        "reward_min": 3.94,
        "reward_max": 4.55,
        "revenue_mean": 282.0,
        "revenue_std": 4.571428571428571,
        "security_mean": 100.0,
        "caught_mean": 1.0,
        "caught_max": 1,
        "episode_steps_mean": 60.0
      },
      "optimization": {
        "train_steps": 225,
        "epochs": 3.0,
        "loss_start": 2.4121,
        "loss_final": 0.0249,
        "loss_reduction_pct": 98.96770448986359,
        "half_loss_step": 12,
        "near_final_step": 19,
        "grad_mean": 0.5511391982767317,
        "grad_p95": 1.0002903342247007,
        "grad_max": 3.084867000579834,
        "learning_rate_peak": 1.9981668194317142e-05
      }
    },
    "medium": {
      "label": "Medium",
      "episodes": 50,
      "examples": 4500,
      "tokens": {
        "min": 539,
        "avg": 589,
        "max": 628
      },
      "expert": {
        "grade_mean": 0.7213999999999999,
        "grade_std": 0.0028996833043120653,
        "grade_ci95_low": 0.7205962487947131,
        "grade_ci95_high": 0.7222037512052868,
        "grade_min": 0.716,
        "grade_max": 0.728,
        "reward_mean": 7.9284,
        "reward_std": 0.16338710762717928,
        "reward_min": 7.69,
        "reward_max": 8.43,
        "revenue_mean": 424.2,
        "revenue_std": 5.477225575051661,
        "security_mean": 100.0,
        "caught_mean": 2.0,
        "caught_max": 2,
        "episode_steps_mean": 90.0
      },
      "optimization": {
        "train_steps": 337,
        "epochs": 3.0,
        "loss_start": 0.2338,
        "loss_final": 0.022,
        "loss_reduction_pct": 90.59024807527803,
        "half_loss_step": 8,
        "near_final_step": 60,
        "grad_mean": 0.29641252243200467,
        "grad_p95": 0.3775898814201355,
        "grad_max": 1.5168626308441162,
        "learning_rate_peak": 1.9951070336391438e-05
      }
    },
    "hard": {
      "label": "Hard",
      "episodes": 50,
      "examples": 6000,
      "tokens": {
        "min": 558,
        "avg": 608,
        "max": 647
      },
      "expert": {
        "grade_mean": 0.67778,
        "grade_std": 0.0056687111157904015,
        "grade_ci95_low": 0.6762087134443394,
        "grade_ci95_high": 0.6793512865556607,
        "grade_min": 0.668,
        "grade_max": 0.69,
        "reward_mean": 12.0468,
        "reward_std": 0.2563355581407834,
        "reward_min": 11.62,
        "reward_max": 12.79,
        "revenue_mean": 581.58,
        "revenue_std": 8.446929160641632,
        "security_mean": 100.0,
        "caught_mean": 3.0,
        "caught_max": 3,
        "episode_steps_mean": 120.0
      },
      "optimization": {
        "train_steps": 450,
        "epochs": 3.0,
        "loss_start": 2.2058,
        "loss_final": 0.0238,
        "loss_reduction_pct": 98.92102638498504,
        "half_loss_step": 14,
        "near_final_step": 21,
        "grad_mean": 0.4863718659347958,
        "grad_p95": 0.8288035839796041,
        "grad_max": 2.6629903316497803,
        "learning_rate_peak": 1.9981668194317142e-05
      }
    },
    "level_4": {
      "label": "Level 4",
      "episodes": 50,
      "examples": 7500,
      "tokens": {
        "min": 577,
        "avg": 629,
        "max": 684
      },
      "expert": {
        "grade_mean": 0.71224,
        "grade_std": 0.0739940869121255,
        "grade_ci95_low": 0.6917298855156778,
        "grade_ci95_high": 0.7327501144843221,
        "grade_min": 0.675,
        "grade_max": 0.897,
        "reward_mean": 16.5272,
        "reward_std": 0.5794122285663678,
        "reward_min": 15.55,
        "reward_max": 18.02,
        "revenue_mean": 772.8,
        "revenue_std": 12.491629850685243,
        "security_mean": 76.18,
        "caught_mean": 3.14,
        "caught_max": 4,
        "episode_steps_mean": 150.0
      },
      "optimization": {
        "train_steps": 562,
        "epochs": 3.0,
        "loss_start": 0.2346,
        "loss_final": 0.0212,
        "loss_reduction_pct": 90.96334185848252,
        "half_loss_step": 11,
        "near_final_step": 77,
        "grad_mean": 0.34604559626655645,
        "grad_p95": 0.43244521766901006,
        "grad_max": 4.838584899902344,
        "learning_rate_peak": 2e-05
      }
    },
    "level_5": {
      "label": "Level 5",
      "episodes": 50,
      "examples": 8000,
      "tokens": {
        "min": 595,
        "avg": 647,
        "max": 702
      },
      "expert": {
        "grade_mean": 0.82004,
        "grade_std": 0.01274228057632204,
        "grade_ci95_low": 0.8165080200227068,
        "grade_ci95_high": 0.8235719799772931,
        "grade_min": 0.806,
        "grade_max": 0.866,
        "reward_mean": 34.4796,
        "reward_std": 0.5204431392808343,
        "reward_min": 33.57,
        "reward_max": 36.13,
        "revenue_mean": 896.0,
        "revenue_std": 9.99183340002612,
        "security_mean": 59.56,
        "caught_mean": 3.14,
        "caught_max": 4,
        "episode_steps_mean": 160.0
      },
      "optimization": {
        "train_steps": 600,
        "epochs": 3.0,
        "loss_start": 1.9207,
        "loss_final": 0.0226,
        "loss_reduction_pct": 98.82334565522986,
        "half_loss_step": 17,
        "near_final_step": 24,
        "grad_mean": 0.48082185005148254,
        "grad_p95": 0.6967674165964126,
        "grad_max": 2.5896549224853516,
        "learning_rate_peak": 2e-05
      }
    }
  },
  "global": {
    "level_count": 5,
    "total_examples": 29000,
    "approx_total_tokens": 17911000,
    "total_train_steps": 2174,
    "best_final_loss": 0.0212,
    "worst_final_loss": 0.0249
  },
  "source_log": "output_logs.txt"
}